# docs/refuted-claims.tsv — 已被實測推翻的主張,以及它們在樹上長什麼樣子
#
# ══ 這個檔案要解決的問題 ═══════════════════════════════════════════
#
# 2026-08-12 的教訓(見 docs/coordination.md 的 `[2026-08-12] [winbar]`):
# 一句 2026-08-09 讀碼寫下的推測「TSF 不把純修飾鍵交給 key event sink,
# 所以修 Shift 要掛低階鍵盤 hook」被抄進**八個**地方,在 product-gaps.md 裡
# 長成一個**排序判準**,再被 coordination.md 引用成跨端結論。實測推翻它的
# 那一輪自己說「六處全部改了」—— 而那是假的,§4.3 與 §5.3 兩處一個字都沒動,
# 兩處都正好是排序判準。
#
# 所以:**「靠人掃一次」也不可靠。**
#
# ══ ⚠ 為什麼是這一支,不是通用守門 ═══════════════════════════════
#
# 上一輪試過通用版(「宣稱平台行為的註解必須附量測出處」),量過之後
# **沒有寫**:windows/ 底下 10012 行註解裡那類語氣詞命中 105 行,真正需要
# 出處的平台主張只有個位數 —— 約 95% 誤報。而這個專案有兩個案例說明
# **會亂叫的守門會被關掉**(verify_product_ids.sh 6/6 全綠、check_ui_spec.sh
# 的 W29 過期後蓋住訊號)。那個判斷仍然成立。
#
# 這一支把判準換窄了一個量級:**它不找「可能沒有出處的主張」,只追
# 「我們已經親手推翻過的那幾句」。** 集合是封閉的、逐字的、由推翻它的人
# 在推翻的當下寫下 —— 那正是他最清楚錯的句子長什麼樣的一刻。
# 誤報率照建構就是 0:每一條 pattern 都是拿現況跑過、逐一看過的。
#
# ⚠ **它守不住的那一半,誠實寫在這裡**:漏掉的不是誤報而是**漏報** ——
#   推翻了卻忘記登記,這支就完全看不到。但那嚴格優於現況(完全沒有守門),
#   而且登記的成本是一行。**登記這一步本身沒有守門,那是這支的天花板。**
#
# ══ 格式 ═══════════════════════════════════════════════════════════
#
#   id <TAB> Python 正規表示式 <TAB> 一句話說明
#
# 檢查:樹上每一個命中,前後 ANNOT_WINDOW 行內必須有一行帶更正記號
# (更正 / 推翻 / 是假的 / 不成立 / 已過期 / 舊的論證 / 舊的說法 / ~~ …,
# 完整清單在 windows/check_refuted_claims.sh)。沒有就紅。
#
# ⚠ **不要用刪除來讓它變綠。** 這棵樹的規矩是保留原句 + 標成已推翻 + 附出處
#   (docs/product-gaps.md §4.1.1 是做對的樣子),理由是只改結論不改論證
#   會讓下一個人再推一次同樣的錯誤結論。
#
# ══ ⚠ 它守不到哪一類(這一段比上面那幾行重要)═══════════════════
#
# 它守的是**一類**錯:「已推翻的前提,在別處還以現況陳述留著」。
# 同一輪抓到的另外三處**不屬於這一類,這支永遠看不到它們**:
#
#   · windows/verify_tsf.sh 與 docs/coordination.md 都寫「偵測到輕點就送
#     既有的正規形式 Ctrl+空白鍵」,而實作送的是裸的 XK_Shift_L。
#   · docs/coordination.md 給 macOS 的簽章寫成 (vk, scan, 按下/放開, 時間),
#     實際是 KeyEvent + time_ms,而 KeyEvent 多出來的 ctrl/alt/win 正是
#     #88 缺的那一格;同一行還把 20 組測試寫成 17 組。
#
# 為什麼看不到:**這三處都長在一則本身正確的更正裡面。** 更正段落照定義
# 滿是「推翻 / 實測 / 量到」,所以不管視窗開多窄,附近永遠找得到記號 ——
# 實際跑過:登記成 RC-003 之後,兩處在 HEAD 上都是綠的。
#
# 也就是說:**「更正寫得對不對」與「更正有沒有寫」是兩件事,這支只管後者。**
# 前者(更正裡的技術細節與碼對不對)只有讀碼比對得出來,而通用化就會掉回
# 上面說的 95% 誤報。所以 RC-003 登記過、驗過、**撤掉了** —— 留一條永遠
# 綠的規則會讓人以為那一類有人在守。
#
# 2026-08-16:桌面兩端收掉之後,RC-001 / RC-002(TSF 的兩則)命中集合**沒有變空**
# —— 它們的命中點在 docs/coordination.md、docs/product-gaps.md、docs/ui-design.md,
# 那幾份都留在樹上。所以兩條都**不撤**(撤掉的判準是「永遠綠」,見 RC-003 那一段)。
# 掃描器本身從 windows/check_refuted_claims.sh 搬到 scripts/check_refuted_claims.sh,
# 呼叫點改掛在 .github/workflows/build.yml 的快車道。
RC-001	(?<![不有])掛低階鍵盤 hook	「修 Shift 要掛低階鍵盤 hook」。2026-08-12 實測推翻(CI run 31511075812 / sha ca97498 / logic-x64「真的經過 TSF」)。⚠ 負敘述(不掛 / 沒有掛低階鍵盤 hook)是那條紅線本身,仍然有效,所以 pattern 排除它們。
RC-002	TSF (不把|不交付|不給|本來就不會把)純修飾鍵	「TSF 不把純修飾鍵交給 key event sink」。同一次實測推翻:SHIFT_TRACE_LINES=1,多出來的那一行是 OnTestKeyDown 自己寫的。⚠ 疑問句(「TSF 到底會不會把純修飾鍵…」)不算主張,pattern 刻意不吃它 —— verify_tsf.sh 的 --press-shift 正是把它寫成問句的那個做對的樣子。
RC-004	判準等價於「?至少有一條	「那一橫顯不顯示,判準等價於『至少有一條連線開著』(一條連線一張票)」。2026-08-14 被使用者實機回報推翻:12 條背景／殭屍連線每一條都算一票,他切到微軟拼音之後那一橫還自己冒出來(S4)。現行判準見 docs/ui-design.md §12.10.6（原本另引 windows/common/bar_owner.h，該檔已隨 Windows 線於 2026-08-16 移除，見標籤 desktop-final-5fa5baa）:焦點所在的那一條**執行緒**上啟用中的是不是我們。
